{
  "meta": {
    "description": "This file lists the nodes that connect the train track layout pieces. Track pieces are in separate file."
  },
  "nodes": {
    "9": {
      "coordinate": {
        "x": 11059.9852,
        "y": 2484.9852
      }
    },
    "10": {
      "coordinate": {
        "x": 11359.9852,
        "y": 1965.36996
      }
    },
    "13": {
      "coordinate": {
        "x": 11140.36996,
        "y": 2484.9852
      }
    },
    "14": {
      "coordinate": {
        "x": 11059.9852,
        "y": 2784.9852
      }
    },
    "15": {
      "coordinate": {
        "x": 11140.36996,
        "y": 2784.9852
      }
    },
    "17": {
      "coordinate": {
        "x": 11359.9852,
        "y": 2265.36996
      }
    },
    "18": {
      "coordinate": {
        "x": 11659.9852,
        "y": 2184.9852
      }
    },
    "19": {
      "coordinate": {
        "x": 11359.9852,
        "y": 2565.36996
      }
    },
    "20": {
      "coordinate": {
        "x": 11659.9852,
        "y": 2484.9852
      }
    },
    "21": {
      "coordinate": {
        "x": 12259.9852,
        "y": 2184.9852
      }
    },
    "22": {
      "coordinate": {
        "x": 12259.9852,
        "y": 2484.9852
      }
    },
    "27": {
      "coordinate": {
        "x": 14494.98521,
        "y": 2179.98521
      }
    },
    "32": {
      "coordinate": {
        "x": 12859.9852,
        "y": 2184.9852
      }
    },
    "33": {
      "coordinate": {
        "x": 12859.9852,
        "y": 2484.9852
      }
    },
    "43": {
      "coordinate": {
        "x": 11059.9852,
        "y": 3084.9852
      }
    },
    "49": {
      "coordinate": {
        "x": 13459.9852,
        "y": 2484.9852
      }
    },
    "50": {
      "coordinate": {
        "x": 13459.9852,
        "y": 2184.9852
      }
    },
    "61": {
      "coordinate": {
        "x": 13299.98521,
        "y": 384.98521
      }
    },
    "64": {
      "coordinate": {
        "x": 11659.9852,
        "y": 1884.9852
      }
    },
    "67": {
      "coordinate": {
        "x": 12699.98521,
        "y": 384.98521
      }
    },
    "71": {
      "coordinate": {
        "x": 11059.9852,
        "y": 3384.9852
      }
    },
    "72": {
      "coordinate": {
        "x": 11140.36996,
        "y": 3384.9852
      }
    },
    "73": {
      "coordinate": {
        "x": 11059.9852,
        "y": 3984.9852
      }
    },
    "77": {
      "coordinate": {
        "x": 10904.98521,
        "y": 6079.98521
      }
    },
    "78": {
      "coordinate": {
        "x": 10904.98521,
        "y": 6679.98521
      }
    },
    "84": {
      "coordinate": {
        "x": 10904.98521,
        "y": 5179.98521
      }
    },
    "85": {
      "coordinate": {
        "x": 10904.98521,
        "y": 4579.98521
      }
    },
    "86": {
      "coordinate": {
        "x": 10904.98521,
        "y": 7279.98521
      }
    },
    "87": {
      "coordinate": {
        "x": 10904.98521,
        "y": 7879.98521
      }
    },
    "88": {
      "coordinate": {
        "x": 10904.98521,
        "y": 8479.98521
      }
    },
    "89": {
      "coordinate": {
        "x": 10904.98521,
        "y": 9079.98521
      }
    },
    "90": {
      "coordinate": {
        "x": 10904.98521,
        "y": 9679.98521
      }
    },
    "91": {
      "coordinate": {
        "x": 10904.98521,
        "y": 10279.98521
      }
    },
    "92": {
      "coordinate": {
        "x": 10904.98521,
        "y": 10879.98521
      }
    },
    "93": {
      "coordinate": {
        "x": 10904.98521,
        "y": 11479.98521
      }
    },
    "94": {
      "coordinate": {
        "x": 10904.98521,
        "y": 12079.98521
      }
    },
    "98": {
      "coordinate": {
        "x": 10554.97781,
        "y": 13824.97781
      }
    },
    "99": {
      "coordinate": {
        "x": 10167.29191,
        "y": 14084.02125
      }
    },
    "100": {
      "coordinate": {
        "x": 9709.98521,
        "y": 14174.98521
      }
    },
    "101": {
      "coordinate": {
        "x": 9109.98521,
        "y": 14174.98521
      }
    },
    "102": {
      "coordinate": {
        "x": 10904.98521,
        "y": 12679.98521
      }
    },
    "103": {
      "coordinate": {
        "x": 10904.98521,
        "y": 5779.98521
      }
    },
    "105": {
      "coordinate": {
        "x": 11059.9852,
        "y": 6524.9852
      }
    },
    "106": {
      "coordinate": {
        "x": 11059.9852,
        "y": 7124.9852
      }
    },
    "107": {
      "coordinate": {
        "x": 11059.9852,
        "y": 7724.9852
      }
    },
    "108": {
      "coordinate": {
        "x": 11059.9852,
        "y": 8324.9852
      }
    },
    "109": {
      "coordinate": {
        "x": 11059.9852,
        "y": 8924.9852
      }
    },
    "110": {
      "coordinate": {
        "x": 11059.9852,
        "y": 9524.9852
      }
    },
    "111": {
      "coordinate": {
        "x": 11059.9852,
        "y": 10124.9852
      }
    },
    "112": {
      "coordinate": {
        "x": 11059.9852,
        "y": 10724.9852
      }
    },
    "113": {
      "coordinate": {
        "x": 11059.9852,
        "y": 11324.9852
      }
    },
    "114": {
      "coordinate": {
        "x": 11059.9852,
        "y": 11924.9852
      }
    },
    "115": {
      "coordinate": {
        "x": 11059.9852,
        "y": 12524.9852
      }
    },
    "116": {
      "coordinate": {
        "x": 11059.9852,
        "y": 13124.9852
      }
    },
    "118": {
      "coordinate": {
        "x": 10814.02125,
        "y": 13437.29191
      }
    },
    "119": {
      "coordinate": {
        "x": 10904.98521,
        "y": 12979.98521
      }
    },
    "120": {
      "coordinate": {
        "x": 11150.94916,
        "y": 13582.2919
      }
    },
    "121": {
      "coordinate": {
        "x": 11409.9926,
        "y": 13969.9778
      }
    },
    "122": {
      "coordinate": {
        "x": 11797.6785,
        "y": 14229.02124
      }
    },
    "123": {
      "coordinate": {
        "x": 12254.9852,
        "y": 14319.9852
      }
    },
    "124": {
      "coordinate": {
        "x": 12854.9852,
        "y": 14319.9852
      }
    },
    "140": {
      "coordinate": {
        "x": 12259.9852,
        "y": 3684.9852
      }
    },
    "141": {
      "coordinate": {
        "x": 12859.9852,
        "y": 3684.9852
      }
    },
    "147": {
      "coordinate": {
        "x": 11059.9852,
        "y": 4584.9852
      }
    },
    "148": {
      "coordinate": {
        "x": 11059.9852,
        "y": 5784.9852
      }
    },
    "150": {
      "coordinate": {
        "x": 11254.99261,
        "y": 734.99261
      }
    },
    "151": {
      "coordinate": {
        "x": 11642.67851,
        "y": 475.94917
      }
    },
    "152": {
      "coordinate": {
        "x": 12099.98521,
        "y": 384.98521
      }
    },
    "154": {
      "coordinate": {
        "x": 14059.9852,
        "y": 2484.9852
      }
    },
    "155": {
      "coordinate": {
        "x": 14059.9852,
        "y": 2184.9852
      }
    },
    "156": {
      "coordinate": {
        "x": 12859.9852,
        "y": 1804.60044
      }
    },
    "157": {
      "coordinate": {
        "x": 13079.60044,
        "y": 1584.9852
      }
    },
    "158": {
      "coordinate": {
        "x": 13159.9852,
        "y": 1284.9852
      }
    },
    "159": {
      "coordinate": {
        "x": 13159.9852,
        "y": 684.9852
      }
    },
    "160": {
      "coordinate": {
        "x": 12259.9852,
        "y": 1884.9852
      }
    },
    "161": {
      "coordinate": {
        "x": 12559.9852,
        "y": 1884.9852
      }
    },
    "162": {
      "coordinate": {
        "x": 13757.29191,
        "y": 475.94917
      }
    },
    "163": {
      "coordinate": {
        "x": 14144.97781,
        "y": 734.99261
      }
    },
    "164": {
      "coordinate": {
        "x": 14404.02125,
        "y": 1122.67851
      }
    },