{
  "meta": {
    "description": "This file lists the nodes that connect the train track layout pieces. Track pieces are in separate file."
  },
  "nodes": {
    "3": {
      "coordinate": {
        "x": 11695,
        "y": 970
      }
    },
    "4": {
      "coordinate": {
        "x": 11775.38476,
        "y": 670
      }
    },
    "5": {
      "coordinate": {
        "x": 11995,
        "y": 450.38476
      }
    },
    "6": {
      "coordinate": {
        "x": 12295,
        "y": 370
      }
    },
    "8": {
      "coordinate": {
        "x": 11775.38476,
        "y": 2170
      }
    },
    "9": {
      "coordinate": {
        "x": 11695,
        "y": 2470
      }
    },
    "10": {
      "coordinate": {
        "x": 11995,
        "y": 1950.38476
      }
    },
    "13": {
      "coordinate": {
        "x": 11775.38476,
        "y": 2470
      }
    },
    "14": {
      "coordinate": {
        "x": 11695,
        "y": 2770
      }
    },
    "15": {
      "coordinate": {
        "x": 11775.38476,
        "y": 2770
      }
    },
    "17": {
      "coordinate": {
        "x": 11995,
        "y": 2250.38476
      }
    },
    "18": {
      "coordinate": {
        "x": 12295,
        "y": 2170
      }
    },
    "19": {
      "coordinate": {
        "x": 11995,
        "y": 2550.38476
      }
    },
    "20": {
      "coordinate": {
        "x": 12295,
        "y": 2470
      }
    },
    "21": {
      "coordinate": {
        "x": 12895,
        "y": 2170
      }
    },
    "22": {
      "coordinate": {
        "x": 12895,
        "y": 2470
      }
    },
    "24": {
      "coordinate": {
        "x": 14095,
        "y": 450.38476
      }
    },
    "25": {
      "coordinate": {
        "x": 14314.61524,
        "y": 670
      }
    },
    "26": {
      "coordinate": {
        "x": 14395,
        "y": 970
      }
    },
    "27": {
      "coordinate": {
        "x": 14395,
        "y": 1570
      }
    },
    "28": {
      "coordinate": {
        "x": 14395,
        "y": 2170
      }
    },
    "29": {
      "coordinate": {
        "x": 14395,
        "y": 2770
      }
    },
    "32": {
      "coordinate": {
        "x": 13495,
        "y": 2170
      }
    },
    "33": {
      "coordinate": {
        "x": 13495,
        "y": 2470
      }
    },
    "35": {
      "coordinate": {
        "x": 14314.61524,
        "y": 3370
      }
    },
    "36": {
      "coordinate": {
        "x": 14095,
        "y": 3589.61524
      }
    },
    "37": {
      "coordinate": {
        "x": 13495,
        "y": 3670
      }
    },
    "39": {
      "coordinate": {
        "x": 12295,
        "y": 3670
      }
    },
    "40": {
      "coordinate": {
        "x": 11995,
        "y": 3589.61524
      }
    },
    "43": {
      "coordinate": {
        "x": 11695,
        "y": 3070
      }
    },
    "44": {
      "coordinate": {
        "x": 12895,
        "y": 3670
      }
    },
    "45": {
      "coordinate": {
        "x": 14395,
        "y": 3070
      }
    },
    "47": {
      "coordinate": {
        "x": 13795,
        "y": 3670
      }
    },
    "48": {
      "coordinate": {
        "x": 13795,
        "y": 370
      }
    },
    "49": {
      "coordinate": {
        "x": 14095,
        "y": 2470
      }
    },
    "50": {
      "coordinate": {
        "x": 14095,
        "y": 2170
      }
    },
    "61": {
      "coordinate": {
        "x": 13495,
        "y": 370
      }
    },
    "64": {
      "coordinate": {
        "x": 12295,
        "y": 1870
      }
    },
    "65": {
      "coordinate": {
        "x": 11695,
        "y": 1570
      }
    },
    "66": {
      "coordinate": {
        "x": 11695,
        "y": 2170
      }
    },
    "67": {
      "coordinate": {
        "x": 12895,
        "y": 370
      }
    },
    "68": {
      "coordinate": {
        "x": 12895,
        "y": 1870
      }
    },
    "69": {
      "coordinate": {
        "x": 13495,
        "y": 1870
      }
    },
    "70": {
      "coordinate": {
        "x": 14095,
        "y": 1870
      }
    },
    "71": {
      "coordinate": {
        "x": 11695,
        "y": 3370
      }
    },
    "72": {
      "coordinate": {
        "x": 11775.38476,
        "y": 3370
      }
    },
    "73": {
      "coordinate": {
        "x": 11695,
        "y": 3970
      }
    },
    "77": {
      "coordinate": {
        "x": 10994.98521,
        "y": 6259.98521
      }
    },
    "78": {
      "coordinate": {
        "x": 10994.98521,
        "y": 6859.98521
      }
    },
    "79": {
      "coordinate": {
        "x": 11085.94917,
        "y": 5802.67851
      }
    },
    "80": {
      "coordinate": {
        "x": 11344.9926,
        "y": 5414.9926
      }
    },
    "81": {
      "coordinate": {
        "x": 11604.03604,
        "y": 5027.3067
      }
    },
    "82": {
      "coordinate": {
        "x": 11695,
        "y": 4570
      }
    }
  }
}