{
  "meta": {
    "description": "This file lists the nodes that connect the train track layout pieces. Track pieces are in separate file."
  },
  "nodes": {
    "0": {
      "coordinate": {
        "x": 11278.62098,
        "y": 9070.70691
      }
    },
    "1": {
      "coordinate": {
        "x": 11066.48895,
        "y": 9282.83895
      }
    },
    "2": {
      "coordinate": {
        "x": 10854.35691,
        "y": 9494.97098
      }
    },
    "3": {
      "coordinate": {
        "x": 10430.09285,
        "y": 9919.23505
      }
    },
    "4": {
      "coordinate": {
        "x": 10170.39909,
        "y": 10307.89422
      }
    },
    "5": {
      "coordinate": {
        "x": 9940.78903,
        "y": 10862.22194
      }
    },
    "6": {
      "coordinate": {
        "x": 9849.59671,
        "y": 11320.67669
      }
    },
    "7": {
      "coordinate": {
        "x": 9849.59671,
        "y": 11920.67669
      }
    },
    "8": {
      "coordinate": {
        "x": 9940.78903,
        "y": 12379.13145
      }
    },
    "9": {
      "coordinate": {
        "x": 10170.39909,
        "y": 12933.45917
      }
    },
    "10": {
      "coordinate": {
        "x": 10359.46995,
        "y": 13179.86111
      }
    },
    "11": {
      "coordinate": {
        "x": 10646.41109,
        "y": 13298.71602
      }
    },
    "12": {
      "coordinate": {
        "x": 10954.33687,
        "y": 13258.17683
      }
    },
    "13": {
      "coordinate": {
        "x": 11200.73881,
        "y": 13069.10596
      }
    },
    "14": {
      "coordinate": {
        "x": 11319.59373,
        "y": 12782.16482
      }
    },
    "15": {
      "coordinate": {
        "x": 11279.05453,
        "y": 12474.23905
      }
    },
    "16": {
      "coordinate": {
        "x": 11089.98367,
        "y": 12227.8371
      }
    },
    "17": {
      "coordinate": {
        "x": 10803.04252,
        "y": 12108.98219
      }
    },
    "18": {
      "coordinate": {
        "x": 10495.11675,
        "y": 12149.52139
      }
    },
    "19": {
      "coordinate": {
        "x": 11702.88505,
        "y": 8646.44285
      }
    },
    "20": {
      "coordinate": {
        "x": 11962.57881,
        "y": 8257.78367
      }
    },
    "21": {
      "coordinate": {
        "x": 12053.77113,
        "y": 7799.32892
      }
    },
    "22": {
      "coordinate": {
        "x": 11962.57881,
        "y": 7340.87417
      }
    },
    "23": {
      "coordinate": {
        "x": 11702.88505,
        "y": 6952.215
      }
    },
    "24": {
      "coordinate": {
        "x": 11314.22588,
        "y": 6692.52124
      }
    },
    "25": {
      "coordinate": {
        "x": 10855.77113,
        "y": 6601.32892
      }
    },
    "26": {
      "coordinate": {
        "x": 10397.31638,
        "y": 6692.52124
      }
    },
    "27": {
      "coordinate": {
        "x": 10008.6572,
        "y": 6952.215
      }
    },
    "28": {
      "coordinate": {
        "x": 9748.96345,
        "y": 7340.87417
      }
    },
    "29": {
      "coordinate": {
        "x": 9657.77113,
        "y": 7799.32892
      }
    },
    "30": {
      "coordinate": {
        "x": 9748.96345,
        "y": 8257.78367
      }
    },
    "31": {
      "coordinate": {
        "x": 9827.27916,
        "y": 8393.43047
      }
    },
    "32": {
      "coordinate": {
        "x": 9938.03431,
        "y": 8504.18562
      }
    },
    "33": {
      "coordinate": {
        "x": 10073.68111,
        "y": 8582.50133
      }
    },
    "34": {
      "coordinate": {
        "x": 10224.97545,
        "y": 8623.04053
      }
    },
    "35": {
      "coordinate": {
        "x": 10381.60688,
        "y": 8623.04053
      }
    },
    "36": {
      "coordinate": {
        "x": 10532.90123,
        "y": 8582.50133
      }
    },
    "37": {
      "coordinate": {
        "x": 10668.54802,
        "y": 8504.18562
      }
    },
    "38": {
      "coordinate": {
        "x": 10779.30317,
        "y": 8393.43047
      }
    },
    "39": {
      "coordinate": {
        "x": 10857.61889,
        "y": 8257.78367
      }
    },
    "40": {
      "coordinate": {
        "x": 10898.15808,
        "y": 8106.48933
      }
    },
    "41": {
      "coordinate": {
        "x": 10898.15808,
        "y": 7949.8579
      }
    },
    "42": {
      "coordinate": {
        "x": 10857.61889,
        "y": 7798.56355
      }
    },
    "43": {
      "coordinate": {
        "x": 10779.30317,
        "y": 7662.91676
      }
    },
    "44": {
      "coordinate": {
        "x": 10668.54802,
        "y": 7552.16161
      }
    },
    "45": {
      "coordinate": {
        "x": 10532.90123,
        "y": 7473.84589
      }
    },
    "46": {
      "coordinate": {
        "x": 10381.60688,
        "y": 7433.3067
      }
    },
    "47": {
      "coordinate": {
        "x": 10224.97545,
        "y": 7433.3067
      }
    },
    "48": {
      "coordinate": {
        "x": 10073.68111,
        "y": 7473.84589
      }
    },
    "49": {
      "coordinate": {
        "x": 9938.03431,
        "y": 7552.16161
      }
    }
  }
}