{
  "meta": {
    "description": "This file lists the nodes that connect the train track layout pieces. Track pieces are in separate file."
  },
  "nodes": {
    "0": {
      "coordinate": {
        "x": 9947,
        "y": 7007
      }
    },
    "1": {
      "coordinate": {
        "x": 9947,
        "y": 7307
      }
    },
    "2": {
      "coordinate": {
        "x": 9947,
        "y": 7607
      }
    },
    "3": {
      "coordinate": {
        "x": 9947,
        "y": 8207
      }
    },
    "4": {
      "coordinate": {
        "x": 10038.2,
        "y": 8665.46667
      }
    },
    "5": {
      "coordinate": {
        "x": 10267.8,
        "y": 9219.8
      }
    },
    "6": {
      "coordinate": {
        "x": 10527.46667,
        "y": 9608.46667
      }
    },
    "7": {
      "coordinate": {
        "x": 10951.73333,
        "y": 10032.73333
      }
    },
    "8": {
      "coordinate": {
        "x": 11340.39251,
        "y": 10292.42709
      }
    },
    "9": {
      "coordinate": {
        "x": 11894.72023,
        "y": 10522.03715
      }
    },
    "10": {
      "coordinate": {
        "x": 12202.646,
        "y": 10562.57635
      }
    },
    "11": {
      "coordinate": {
        "x": 12489.58714,
        "y": 10443.72144
      }
    },
    "12": {
      "coordinate": {
        "x": 12678.658,
        "y": 10197.3195
      }
    },
    "13": {
      "coordinate": {
        "x": 12719.1972,
        "y": 9889.39373
      }
    },
    "14": {
      "coordinate": {
        "x": 12600.34229,
        "y": 9602.45259
      }
    },
    "15": {
      "coordinate": {
        "x": 12353.94035,
        "y": 9413.38173
      }
    },
    "16": {
      "coordinate": {
        "x": 12046.01458,
        "y": 9372.84253
      }
    },
    "17": {
      "coordinate": {
        "x": 11759.07344,
        "y": 9491.69744
      }
    },
    "18": {
      "coordinate": {
        "x": 11570.00258,
        "y": 9738.09938
      }
    },
    "19": {
      "coordinate": {
        "x": 9947,
        "y": 6407
      }
    },
    "20": {
      "coordinate": {
        "x": 9855.80768,
        "y": 5948.54525
      }
    },
    "21": {
      "coordinate": {
        "x": 9596.11392,
        "y": 5559.88608
      }
    },
    "22": {
      "coordinate": {
        "x": 9207.45475,
        "y": 5300.19232
      }
    },
    "23": {
      "coordinate": {
        "x": 8749,
        "y": 5209
      }
    },
    "24": {
      "coordinate": {
        "x": 8290.54525,
        "y": 5300.19232
      }
    },
    "25": {
      "coordinate": {
        "x": 7901.88608,
        "y": 5559.88608
      }
    },
    "26": {
      "coordinate": {
        "x": 7642.19232,
        "y": 5948.54525
      }
    },
    "27": {
      "coordinate": {
        "x": 7551,
        "y": 6407
      }
    },
    "28": {
      "coordinate": {
        "x": 7642.19232,
        "y": 6865.45475
      }
    },
    "29": {
      "coordinate": {
        "x": 7901.88608,
        "y": 7254.11392
      }
    },
    "30": {
      "coordinate": {
        "x": 8290.54525,
        "y": 7513.80768
      }
    },
    "31": {
      "coordinate": {
        "x": 8441.83959,
        "y": 7554.34688
      }
    },
    "32": {
      "coordinate": {
        "x": 8598.47102,
        "y": 7554.34688
      }
    },
    "33": {
      "coordinate": {
        "x": 8749.76536,
        "y": 7513.80768
      }
    },
    "34": {
      "coordinate": {
        "x": 8885.41216,
        "y": 7435.49196
      }
    },
    "35": {
      "coordinate": {
        "x": 8996.16731,
        "y": 7324.73681
      }
    },
    "36": {
      "coordinate": {
        "x": 9074.48303,
        "y": 7189.09001
      }
    },
    "37": {
      "coordinate": {
        "x": 9115.02223,
        "y": 7037.79567
      }
    },
    "38": {
      "coordinate": {
        "x": 9115.02223,
        "y": 6881.16424
      }
    },
    "39": {
      "coordinate": {
        "x": 9074.48303,
        "y": 6729.8699
      }
    },
    "40": {
      "coordinate": {
        "x": 8996.16731,
        "y": 6594.2231
      }
    },
    "41": {
      "coordinate": {
        "x": 8885.41216,
        "y": 6483.46795
      }
    },
    "42": {
      "coordinate": {
        "x": 8749.76536,
        "y": 6405.15223
      }
    },
    "43": {
      "coordinate": {
        "x": 8598.47102,
        "y": 6364.61303
      }
    },
    "44": {
      "coordinate": {
        "x": 8441.83959,
        "y": 6364.61303
      }
    },
    "45": {
      "coordinate": {
        "x": 8290.54525,
        "y": 6405.15223
      }
    },
    "46": {
      "coordinate": {
        "x": 8154.89845,
        "y": 6483.46795
      }
    },
    "47": {
      "coordinate": {
        "x": 8044.1433,
        "y": 6594.2231
      }
    },
    "48": {
      "coordinate": {
        "x": 7965.82758,
        "y": 6729.8699
      }
    },
    "49": {
      "coordinate": {
        "x": 7925.28838,
        "y": 6881.16424
      }
    }
  }
}