{
  "meta": {
    "description": "This file lists the nodes that connect the train track layout pieces. Track pieces are in separate file."
  },
  "nodes": {
    "0": {
      "coordinate": {
        "x": 10450,
        "y": 2170
      }
    },
    "1": {
      "coordinate": {
        "x": 10450,
        "y": 2770
      }
    },
    "2": {
      "coordinate": {
        "x": 10450,
        "y": 1570
      }
    },
    "3": {
      "coordinate": {
        "x": 10450,
        "y": 970
      }
    },
    "4": {
      "coordinate": {
        "x": 10530.38476,
        "y": 670
      }
    },
    "5": {
      "coordinate": {
        "x": 10750,
        "y": 450.38476
      }
    },
    "6": {
      "coordinate": {
        "x": 11050,
        "y": 370
      }
    },
    "7": {
      "coordinate": {
        "x": 11350,
        "y": 370
      }
    },
    "8": {
      "coordinate": {
        "x": 11650,
        "y": 450.38476
      }
    },
    "9": {
      "coordinate": {
        "x": 11869.61524,
        "y": 670
      }
    },
    "10": {
      "coordinate": {
        "x": 11950,
        "y": 970
      }
    },
    "11": {
      "coordinate": {
        "x": 11950,
        "y": 1570
      }
    },
    "12": {
      "coordinate": {
        "x": 11950,
        "y": 2170
      }
    },
    "13": {
      "coordinate": {
        "x": 11950,
        "y": 2770
      }
    },
    "14": {
      "coordinate": {
        "x": 10450.05176,
        "y": 4275.72656
      }
    },
    "15": {
      "coordinate": {
        "x": 10450.05176,
        "y": 4575.72656
      }
    },
    "16": {
      "coordinate": {
        "x": 10450.05176,
        "y": 3975.72656
      }
    },
    "17": {
      "coordinate": {
        "x": 10530.43652,
        "y": 3975.72656
      }
    },
    "18": {
      "coordinate": {
        "x": 10450.05176,
        "y": 3375.72656
      }
    },
    "19": {
      "coordinate": {
        "x": 10680.43652,
        "y": 3715.91894
      }
    },
    "20": {
      "coordinate": {
        "x": 10760.82128,
        "y": 3190.91894
      }
    },
    "21": {
      "coordinate": {
        "x": 10760.82128,
        "y": 2890.91894
      }
    },
    "22": {
      "coordinate": {
        "x": 10841.20604,
        "y": 2890.91894
      }
    },
    "23": {
      "coordinate": {
        "x": 10760.82128,
        "y": 2290.91894
      }
    },
    "24": {
      "coordinate": {
        "x": 10760.82128,
        "y": 1690.91894
      }
    },
    "25": {
      "coordinate": {
        "x": 11141.20604,
        "y": 2371.3037
      }
    },
    "26": {
      "coordinate": {
        "x": 11221.5908,
        "y": 2071.3037
      }
    },
    "27": {
      "coordinate": {
        "x": 11221.5908,
        "y": 1771.3037
      }
    },
    "28": {
      "coordinate": {
        "x": 10760.82128,
        "y": 3415.91894
      }
    }
  }
}