{
  "meta": {
    "description": "This file lists the nodes that connect the train track layout pieces. Track pieces are in separate file."
  },
  "nodes": {
    "10": {
      "coordinate": {
        "x": 10480,
        "y": 3240.38476
      }
    },
    "11": {
      "coordinate": {
        "x": 10480,
        "y": 3540.38476
      }
    },
    "12": {
      "coordinate": {
        "x": 10480,
        "y": 3840.38476
      }
    },
    "13": {
      "coordinate": {
        "x": 10480,
        "y": 4140.38476
      }
    },
    "14": {
      "coordinate": {
        "x": 10480,
        "y": 4440.38476
      }
    },
    "15": {
      "coordinate": {
        "x": 10480,
        "y": 4740.38476
      }
    },
    "16": {
      "coordinate": {
        "x": 10480,
        "y": 5040.38476
      }
    },
    "17": {
      "coordinate": {
        "x": 11000,
        "y": 3000
      }
    },
    "18": {
      "coordinate": {
        "x": 11000,
        "y": 3300
      }
    },
    "19": {
      "coordinate": {
        "x": 11000,
        "y": 2700
      }
    },
    "20": {
      "coordinate": {
        "x": 11080.38476,
        "y": 2700
      }
    },
    "21": {
      "coordinate": {
        "x": 11000,
        "y": 2400
      }
    },
    "22": {
      "coordinate": {
        "x": 11000,
        "y": 2100
      }
    },
    "23": {
      "coordinate": {
        "x": 11000,
        "y": 1800
      }
    },
    "24": {
      "coordinate": {
        "x": 11160.76952,
        "y": 2400
      }
    },
    "25": {
      "coordinate": {
        "x": 11160.76952,
        "y": 2100
      }
    },
    "26": {
      "coordinate": {
        "x": 11160.76952,
        "y": 1800
      }
    }
  }
}