{
  "meta": {
    "description": "This file lists the nodes that connect the train track layout pieces. Track pieces are in separate file."
  },
  "nodes": {
    "0": {
      "coordinate": {
        "x": 9947,
        "y": 7007
      }
    },
    "1": {
      "coordinate": {
        "x": 10024.64571,
        "y": 7296.77775
      }
    },
    "2": {
      "coordinate": {
        "x": 10102.29143,
        "y": 7586.5555
      }
    },
    "3": {
      "coordinate": {
        "x": 10257.58285,
        "y": 8166.11099
      }
    },
    "4": {
      "coordinate": {
        "x": 10464.32469,
        "y": 8585.34197
      }
    },
    "5": {
      "coordinate": {
        "x": 10829.58155,
        "y": 9061.35397
      }
    },
    "6": {
      "coordinate": {
        "x": 11181.01885,
        "y": 9369.55621
      }
    },
    "7": {
      "coordinate": {
        "x": 11700.63409,
        "y": 9669.55621
      }
    },
    "8": {
      "coordinate": {
        "x": 12143.26372,
        "y": 9819.80872
      }
    },
    "9": {
      "coordinate": {
        "x": 12738.13063,
        "y": 9898.12444
      }
    },
    "10": {
      "coordinate": {
        "x": 13046.05641,
        "y": 9857.58524
      }
    },
    "11": {
      "coordinate": {
        "x": 13292.45835,
        "y": 9668.51438
      }
    },
    "12": {
      "coordinate": {
        "x": 13411.31326,
        "y": 9381.57324
      }
    },
    "13": {
      "coordinate": {
        "x": 13370.77407,
        "y": 9073.64746
      }
    },
    "14": {
      "coordinate": {
        "x": 13181.7032,
        "y": 8827.24552
      }
    },
    "15": {
      "coordinate": {
        "x": 12894.76206,
        "y": 8708.39061
      }
    },
    "16": {
      "coordinate": {
        "x": 12586.83629,
        "y": 8748.9298
      }
    },
    "17": {
      "coordinate": {
        "x": 12340.43434,
        "y": 8938.00066
      }
    },
    "18": {
      "coordinate": {
        "x": 12221.57943,
        "y": 9224.94181
      }
    },
    "19": {
      "coordinate": {
        "x": 9791.70857,
        "y": 6427.4445
      }
    },
    "20": {
      "coordinate": {
        "x": 9584.96673,
        "y": 6008.21353
      }
    },
    "21": {
      "coordinate": {
        "x": 9233.52943,
        "y": 5700.01129
      }
    },
    "22": {
      "coordinate": {
        "x": 8790.89981,
        "y": 5549.75878
      }
    },
    "23": {
      "coordinate": {
        "x": 8324.46422,
        "y": 5580.33058
      }
    },
    "24": {
      "coordinate": {
        "x": 7905.23324,
        "y": 5787.07242
      }
    },
    "25": {
      "coordinate": {
        "x": 7597.031,
        "y": 6138.50972
      }
    },
    "26": {
      "coordinate": {
        "x": 7446.77849,
        "y": 6581.13934
      }
    },
    "27": {
      "coordinate": {
        "x": 7477.35029,
        "y": 7047.57494
      }
    },
    "28": {
      "coordinate": {
        "x": 7684.09213,
        "y": 7466.80591
      }
    },
    "29": {
      "coordinate": {
        "x": 8035.52943,
        "y": 7775.00815
      }
    },
    "30": {
      "coordinate": {
        "x": 8478.15905,
        "y": 7925.26066
      }
    },
    "31": {
      "coordinate": {
        "x": 8634.79049,
        "y": 7925.26066
      }
    },
    "32": {
      "coordinate": {
        "x": 8786.08483,
        "y": 7884.72147
      }
    },
    "33": {
      "coordinate": {
        "x": 8921.73163,
        "y": 7806.40575
      }
    },
    "34": {
      "coordinate": {
        "x": 9032.48677,
        "y": 7695.6506
      }
    },
    "35": {
      "coordinate": {
        "x": 9110.80249,
        "y": 7560.00381
      }
    },
    "36": {
      "coordinate": {
        "x": 9151.34169,
        "y": 7408.70946
      }
    },
    "37": {
      "coordinate": {
        "x": 9151.34169,
        "y": 7252.07803
      }
    },
    "38": {
      "coordinate": {
        "x": 9110.80249,
        "y": 7100.78369
      }
    },
    "39": {
      "coordinate": {
        "x": 9032.48677,
        "y": 6965.13689
      }
    },
    "40": {
      "coordinate": {
        "x": 8921.73163,
        "y": 6854.38174
      }
    },
    "41": {
      "coordinate": {
        "x": 8786.08483,
        "y": 6776.06603
      }
    },
    "42": {
      "coordinate": {
        "x": 8634.79049,
        "y": 6735.52683
      }
    },
    "43": {
      "coordinate": {
        "x": 8478.15905,
        "y": 6735.52683
      }
    },
    "44": {
      "coordinate": {
        "x": 8326.86471,
        "y": 6776.06603
      }
    },
    "45": {
      "coordinate": {
        "x": 8191.21791,
        "y": 6854.38174
      }
    },
    "46": {
      "coordinate": {
        "x": 8080.46277,
        "y": 6965.13689
      }
    },
    "47": {
      "coordinate": {
        "x": 8002.14705,
        "y": 7100.78369
      }
    },
    "48": {
      "coordinate": {
        "x": 7961.60785,
        "y": 7252.07803
      }
    },
    "49": {
      "coordinate": {
        "x": 7961.60785,
        "y": 7408.70946
      }
    }
  }
}