{
  "meta": {
    "description": "This file lists the nodes that connect the train track layout pieces. Track pieces are in separate file."
  },
  "nodes": {
    "0": {
      "coordinate": {
        "x": 11216.85686,
        "y": 9062.72607
      }
    },
    "1": {
      "coordinate": {
        "x": 11004.72483,
        "y": 9274.85811
      }
    },
    "2": {
      "coordinate": {
        "x": 10792.59279,
        "y": 9486.99014
      }
    },
    "3": {
      "coordinate": {
        "x": 10368.32873,
        "y": 9911.25421
      }
    },
    "4": {
      "coordinate": {
        "x": 10108.63497,
        "y": 10299.91338
      }
    },
    "5": {
      "coordinate": {
        "x": 9879.02491,
        "y": 10854.2411
      }
    },
    "6": {
      "coordinate": {
        "x": 9787.83259,
        "y": 11312.69585
      }
    },
    "7": {
      "coordinate": {
        "x": 9787.83259,
        "y": 11912.69585
      }
    },
    "8": {
      "coordinate": {
        "x": 9879.02491,
        "y": 12371.1506
      }
    },
    "9": {
      "coordinate": {
        "x": 10108.63497,
        "y": 12925.47832
      }
    },
    "10": {
      "coordinate": {
        "x": 10297.70583,
        "y": 13171.88027
      }
    },
    "11": {
      "coordinate": {
        "x": 10584.64697,
        "y": 13290.73518
      }
    },
    "12": {
      "coordinate": {
        "x": 10892.57275,
        "y": 13250.19598
      }
    },
    "13": {
      "coordinate": {
        "x": 11138.97469,
        "y": 13061.12512
      }
    },
    "14": {
      "coordinate": {
        "x": 11257.82961,
        "y": 12774.18398
      }
    },
    "15": {
      "coordinate": {
        "x": 11217.29041,
        "y": 12466.2582
      }
    },
    "16": {
      "coordinate": {
        "x": 11028.21955,
        "y": 12219.85626
      }
    },
    "17": {
      "coordinate": {
        "x": 10741.2784,
        "y": 12101.00135
      }
    },
    "18": {
      "coordinate": {
        "x": 10433.35263,
        "y": 12141.54054
      }
    },
    "19": {
      "coordinate": {
        "x": 11641.12093,
        "y": 8638.462
      }
    },
    "20": {
      "coordinate": {
        "x": 11900.81469,
        "y": 8249.80283
      }
    },
    "21": {
      "coordinate": {
        "x": 11992.00701,
        "y": 7791.34808
      }
    },
    "22": {
      "coordinate": {
        "x": 11900.81469,
        "y": 7332.89333
      }
    },
    "23": {
      "coordinate": {
        "x": 11641.12093,
        "y": 6944.23415
      }
    },
    "24": {
      "coordinate": {
        "x": 11252.46176,
        "y": 6684.5404
      }
    },
    "25": {
      "coordinate": {
        "x": 10794.00701,
        "y": 6593.34808
      }
    },
    "26": {
      "coordinate": {
        "x": 10335.55226,
        "y": 6684.5404
      }
    },
    "27": {
      "coordinate": {
        "x": 9946.89308,
        "y": 6944.23415
      }
    },
    "28": {
      "coordinate": {
        "x": 9687.19933,
        "y": 7332.89333
      }
    },
    "29": {
      "coordinate": {
        "x": 9596.00701,
        "y": 7791.34808
      }
    },
    "30": {
      "coordinate": {
        "x": 9687.19933,
        "y": 8249.80283
      }
    },
    "31": {
      "coordinate": {
        "x": 9765.51504,
        "y": 8385.44963
      }
    },
    "32": {
      "coordinate": {
        "x": 9876.27019,
        "y": 8496.20478
      }
    },
    "33": {
      "coordinate": {
        "x": 10011.91699,
        "y": 8574.52049
      }
    },
    "34": {
      "coordinate": {
        "x": 10163.21133,
        "y": 8615.05969
      }
    },
    "35": {
      "coordinate": {
        "x": 10319.84276,
        "y": 8615.05969
      }
    },
    "36": {
      "coordinate": {
        "x": 10471.13711,
        "y": 8574.52049
      }
    },
    "37": {
      "coordinate": {
        "x": 10606.7839,
        "y": 8496.20478
      }
    },
    "38": {
      "coordinate": {
        "x": 10717.53905,
        "y": 8385.44963
      }
    },
    "39": {
      "coordinate": {
        "x": 10795.85477,
        "y": 8249.80283
      }
    },
    "40": {
      "coordinate": {
        "x": 10836.39396,
        "y": 8098.50849
      }
    },
    "41": {
      "coordinate": {
        "x": 10836.39396,
        "y": 7941.87706
      }
    },
    "42": {
      "coordinate": {
        "x": 10795.85477,
        "y": 7790.58271
      }
    },
    "43": {
      "coordinate": {
        "x": 10717.53905,
        "y": 7654.93591
      }
    },
    "44": {
      "coordinate": {
        "x": 10606.7839,
        "y": 7544.18077
      }
    },
    "45": {
      "coordinate": {
        "x": 10471.13711,
        "y": 7465.86505
      }
    },
    "46": {
      "coordinate": {
        "x": 10319.84276,
        "y": 7425.32585
      }
    },
    "47": {
      "coordinate": {
        "x": 10163.21133,
        "y": 7425.32585
      }
    },
    "48": {
      "coordinate": {
        "x": 10011.91699,
        "y": 7465.86505
      }
    },
    "49": {
      "coordinate": {
        "x": 9876.27019,
        "y": 7544.18077
      }
    },
    "50": {
      "coordinate": {
        "x": 10156.18877,
        "y": 12256.34557
      }
    },
    "51": {
      "coordinate": {
        "x": 9400.25819,
        "y": 7909.43763
      }
    },
    "52": {
      "coordinate": {
        "x": 8924.24619,
        "y": 8274.69449
      }
    }
  }
}