{
  "meta": {
    "description": "This file lists the nodes that connect the train track layout pieces. Track pieces are in separate file."
  },
  "nodes": {
    "0": {
      "coordinate": {
        "x": 9956.85686,
        "y": 9062.72607
      }
    },
    "1": {
      "coordinate": {
        "x": 9956.85686,
        "y": 9662.72607
      }
    },
    "2": {
      "coordinate": {
        "x": 9956.85686,
        "y": 10262.72607
      }
    },
    "3": {
      "coordinate": {
        "x": 9956.85686,
        "y": 10862.72607
      }
    },
    "4": {
      "coordinate": {
        "x": 9956.85686,
        "y": 11462.72607
      }
    },
    "5": {
      "coordinate": {
        "x": 9956.85686,
        "y": 12062.72607
      }
    },
    "6": {
      "coordinate": {
        "x": 9956.85686,
        "y": 12662.72607
      }
    },
    "7": {
      "coordinate": {
        "x": 9956.85686,
        "y": 8462.72607
      }
    },
    "8": {
      "coordinate": {
        "x": 9956.85686,
        "y": 7862.72607
      }
    },
    "9": {
      "coordinate": {
        "x": 9956.85686,
        "y": 7262.72607
      }
    },
    "10": {
      "coordinate": {
        "x": 9865.8929,
        "y": 6805.41937
      }
    },
    "11": {
      "coordinate": {
        "x": 9606.84946,
        "y": 6417.73347
      }
    },
    "12": {
      "coordinate": {
        "x": 9219.16356,
        "y": 6158.69003
      }
    },
    "13": {
      "coordinate": {
        "x": 8761.85686,
        "y": 6067.72607
      }
    },
    "14": {
      "coordinate": {
        "x": 8304.55016,
        "y": 6158.69003
      }
    }
  }
}