{
  "meta": {
    "description": "This file lists the nodes that connect the train track layout pieces. Track pieces are in separate file."
  },
  "nodes": {
    "0": {
      "coordinate": {
        "x": 10450,
        "y": 2170
      }
    },
    "1": {
      "coordinate": {
        "x": 10450,
        "y": 2770
      }
    },
    "2": {
      "coordinate": {
        "x": 10450,
        "y": 1570
      }
    },
    "3": {
      "coordinate": {
        "x": 10450,
        "y": 970
      }
    },
    "4": {
      "coordinate": {
        "x": 10530.38476,
        "y": 670
      }
    },
    "5": {
      "coordinate": {
        "x": 10750,
        "y": 450.38476
      }
    },
    "6": {
      "coordinate": {
        "x": 11050,
        "y": 370
      }
    },
    "7": {
      "coordinate": {
        "x": 11350,
        "y": 370
      }
    },
    "8": {
      "coordinate": {
        "x": 11650,
        "y": 450.38476
      }
    },
    "9": {
      "coordinate": {
        "x": 11869.61524,
        "y": 670
      }
    },
    "10": {
      "coordinate": {
        "x": 11950,
        "y": 970
      }
    },
    "11": {
      "coordinate": {
        "x": 11950,
        "y": 1570
      }
    },
    "12": {
      "coordinate": {
        "x": 11950,
        "y": 2170
      }
    },
    "13": {
      "coordinate": {
        "x": 11950,
        "y": 2770
      }
    },
    "14": {
      "coordinate": {
        "x": 10450.05176,
        "y": 4500.72656
      }
    },
    "15": {
      "coordinate": {
        "x": 10450.05176,
        "y": 4800.72656
      }
    },
    "16": {
      "coordinate": {
        "x": 10450.05176,
        "y": 4200.72656
      }
    },
    "17": {
      "coordinate": {
        "x": 10530.43652,
        "y": 4200.72656
      }
    },
    "18": {
      "coordinate": {
        "x": 10450.05176,
        "y": 3600.72656
      }
    },
    "19": {
      "coordinate": {
        "x": 10680.43652,
        "y": 3940.91894
      }
    },
    "20": {
      "coordinate": {
        "x": 10760.82128,
        "y": 3205.91894
      }
    },
    "21": {
      "coordinate": {
        "x": 10760.82128,
        "y": 2905.91894
      }
    },
    "22": {
      "coordinate": {
        "x": 10841.20604,
        "y": 2905.91894
      }
    },
    "23": {
      "coordinate": {
        "x": 10760.82128,
        "y": 2305.91894
      }
    },
    "24": {
      "coordinate": {
        "x": 10760.82128,
        "y": 1705.91894
      }
    },
    "25": {
      "coordinate": {
        "x": 11141.20604,
        "y": 2386.3037
      }
    },
    "26": {
      "coordinate": {
        "x": 11221.59079,
        "y": 2086.3037
      }
    },
    "27": {
      "coordinate": {
        "x": 11221.59079,
        "y": 1786.3037
      }
    },
    "28": {
      "coordinate": {
        "x": 10760.82128,
        "y": 3640.91894
      }
    }
  }
}