{
  "meta": {
    "description": "This file lists the nodes that connect the train track layout pieces. Track pieces are in separate file."
  },
  "nodes": {
    "0": {
      "coordinate": {
        "x": 10405,
        "y": 2140
      }
    },
    "1": {
      "coordinate": {
        "x": 10405,
        "y": 2740
      }
    },
    "2": {
      "coordinate": {
        "x": 10405,
        "y": 1540
      }
    },
    "3": {
      "coordinate": {
        "x": 10405,
        "y": 940
      }
    },
    "4": {
      "coordinate": {
        "x": 10485.38476,
        "y": 640
      }
    },
    "5": {
      "coordinate": {
        "x": 10705,
        "y": 420.38476
      }
    },
    "6": {
      "coordinate": {
        "x": 11005,
        "y": 340
      }
    },
    "7": {
      "coordinate": {
        "x": 11305,
        "y": 340
      }
    },
    "8": {
      "coordinate": {
        "x": 11605,
        "y": 420.38476
      }
    },
    "9": {
      "coordinate": {
        "x": 11824.61524,
        "y": 640
      }
    },
    "10": {
      "coordinate": {
        "x": 11905,
        "y": 940
      }
    },
    "11": {
      "coordinate": {
        "x": 11905,
        "y": 1540
      }
    },
    "12": {
      "coordinate": {
        "x": 11905,
        "y": 2140
      }
    },
    "13": {
      "coordinate": {
        "x": 11905,
        "y": 2740
      }
    },
    "14": {
      "coordinate": {
        "x": 10405.05176,
        "y": 4050.72656
      }
    },
    "15": {
      "coordinate": {
        "x": 10405.05176,
        "y": 4350.72656
      }
    },
    "16": {
      "coordinate": {
        "x": 10405.05176,
        "y": 3750.72656
      }
    },
    "17": {
      "coordinate": {
        "x": 10485.43652,
        "y": 3750.72656
      }
    },
    "18": {
      "coordinate": {
        "x": 10405.05176,
        "y": 3150.72656
      }
    },
    "19": {
      "coordinate": {
        "x": 10635.43652,
        "y": 3490.91894
      }
    },
    "20": {
      "coordinate": {
        "x": 10715.82128,
        "y": 3190.91894
      }
    },
    "21": {
      "coordinate": {
        "x": 10715.82128,
        "y": 2890.91894
      }
    },
    "22": {
      "coordinate": {
        "x": 10796.20604,
        "y": 2890.91894
      }
    },
    "23": {
      "coordinate": {
        "x": 10715.82128,
        "y": 2290.91894
      }
    },
    "24": {
      "coordinate": {
        "x": 10715.82128,
        "y": 1690.91894
      }
    },
    "25": {
      "coordinate": {
        "x": 11096.20604,
        "y": 2371.3037
      }
    },
    "26": {
      "coordinate": {
        "x": 11176.5908,
        "y": 2071.3037
      }
    },
    "27": {
      "coordinate": {
        "x": 11176.5908,
        "y": 1771.3037
      }
    }
  }
}