{
  "meta": {
    "description": "This file lists the nodes that connect the train track layout pieces. Track pieces are in separate file."
  },
  "nodes": {
    "0": {
      "coordinate": {
        "x": 9735,
        "y": 7110
      }
    },
    "1": {
      "coordinate": {
        "x": 9735,
        "y": 7710
      }
    },
    "2": {
      "coordinate": {
        "x": 9735,
        "y": 8310
      }
    },
    "3": {
      "coordinate": {
        "x": 9825.96396,
        "y": 8767.3067
      }
    },
    "4": {
      "coordinate": {
        "x": 9940.76899,
        "y": 9044.47056
      }
    },
    "5": {
      "coordinate": {
        "x": 10199.81243,
        "y": 9432.15646
      }
    },
    "6": {
      "coordinate": {
        "x": 10587.49833,
        "y": 9691.1999
      }
    },
    "7": {
      "coordinate": {
        "x": 11044.80503,
        "y": 9782.16386
      }
    },
    "8": {
      "coordinate": {
        "x": 11502.11173,
        "y": 9691.1999
      }
    },
    "9": {
      "coordinate": {
        "x": 11889.79763,
        "y": 9432.15646
      }
    },
    "10": {
      "coordinate": {
        "x": 12148.84107,
        "y": 9044.47056
      }
    },
    "11": {
      "coordinate": {
        "x": 12239.80503,
        "y": 8587.16386
      }
    },
    "12": {
      "coordinate": {
        "x": 12148.84107,
        "y": 8129.85716
      }
    },
    "13": {
      "coordinate": {
        "x": 11889.79763,
        "y": 7742.17126
      }
    },
    "14": {
      "coordinate": {
        "x": 11502.11173,
        "y": 7483.12782
      }
    },
    "15": {
      "coordinate": {
        "x": 11044.80503,
        "y": 7392.16386
      }
    }
  }
}