{
  "meta": {
    "description": "This file lists the nodes that connect the train track layout pieces. Track pieces are in separate file."
  },
  "nodes": {
    "0": {
      "coordinate": {
        "x": 11695,
        "y": 2170
      }
    },
    "2": {
      "coordinate": {
        "x": 11695,
        "y": 1570
      }
    },
    "3": {
      "coordinate": {
        "x": 11695,
        "y": 970
      }
    },
    "4": {
      "coordinate": {
        "x": 11775.38476,
        "y": 670
      }
    },
    "5": {
      "coordinate": {
        "x": 11995,
        "y": 450.38476
      }
    },
    "6": {
      "coordinate": {
        "x": 12295,
        "y": 370
      }
    },
    "7": {
      "coordinate": {
        "x": 12895,
        "y": 370
      }
    },
    "8": {
      "coordinate": {
        "x": 11775.38476,
        "y": 2170
      }
    },
    "9": {
      "coordinate": {
        "x": 11695,
        "y": 2470
      }
    },
    "10": {
      "coordinate": {
        "x": 11995,
        "y": 1950.38476
      }
    },
    "11": {
      "coordinate": {
        "x": 12295,
        "y": 1870
      }
    },
    "12": {
      "coordinate": {
        "x": 12895,
        "y": 1870
      }
    },
    "13": {
      "coordinate": {
        "x": 11775.38476,
        "y": 2470
      }
    },
    "14": {
      "coordinate": {
        "x": 11695,
        "y": 2770
      }
    },
    "15": {
      "coordinate": {
        "x": 11775.38476,
        "y": 2770
      }
    },
    "16": {
      "coordinate": {
        "x": 11695,
        "y": 3070
      }
    },
    "17": {
      "coordinate": {
        "x": 11995,
        "y": 2250.38476
      }
    },
    "18": {
      "coordinate": {
        "x": 12295,
        "y": 2170
      }
    },
    "19": {
      "coordinate": {
        "x": 11995,
        "y": 2550.38476
      }
    },
    "20": {
      "coordinate": {
        "x": 12295,
        "y": 2470
      }
    },
    "21": {
      "coordinate": {
        "x": 12895,
        "y": 2170
      }
    },
    "22": {
      "coordinate": {
        "x": 12895,
        "y": 2470
      }
    },
    "23": {
      "coordinate": {
        "x": 13495,
        "y": 370
      }
    },
    "24": {
      "coordinate": {
        "x": 13795,
        "y": 450.38476
      }
    },
    "25": {
      "coordinate": {
        "x": 14014.61524,
        "y": 670
      }
    },
    "26": {
      "coordinate": {
        "x": 14095,
        "y": 970
      }
    },
    "27": {
      "coordinate": {
        "x": 14095,
        "y": 1570
      }
    },
    "28": {
      "coordinate": {
        "x": 14095,
        "y": 2170
      }
    },
    "29": {
      "coordinate": {
        "x": 14095,
        "y": 2770
      }
    },
    "30": {
      "coordinate": {
        "x": 14095,
        "y": 3370
      }
    },
    "31": {
      "coordinate": {
        "x": 13495,
        "y": 1870
      }
    },
    "32": {
      "coordinate": {
        "x": 13495,
        "y": 2170
      }
    },
    "33": {
      "coordinate": {
        "x": 13495,
        "y": 2470
      }
    },
    "35": {
      "coordinate": {
        "x": 14014.61524,
        "y": 3670
      }
    },
    "36": {
      "coordinate": {
        "x": 13795,
        "y": 3889.61524
      }
    },
    "37": {
      "coordinate": {
        "x": 13495,
        "y": 3970
      }
    },
    "39": {
      "coordinate": {
        "x": 12295,
        "y": 3970
      }
    },
    "40": {
      "coordinate": {
        "x": 11995,
        "y": 3889.61524
      }
    },
    "41": {
      "coordinate": {
        "x": 11775.38476,
        "y": 3670
      }
    },
    "43": {
      "coordinate": {
        "x": 11695,
        "y": 3370
      }
    },
    "44": {
      "coordinate": {
        "x": 12895,
        "y": 3970
      }
    }
  }
}